Edad,Educacion,Sector,Ingreso
49,Primario,Servicios,37173.198820938815
43,Primario,Agricultura,33045.13476911789
51,Secundario,Agricultura,40200.31582570745
60,Universitario,Servicios,
42,Primario,Industria,36293.789175832506
42,Universitario,Servicios,
60,Primario,Servicios,
52,Secundario,Servicios,36041.33336363856
40,Universitario,Tecnología,53502.618441147104
50,Universitario,Servicios,
40,Universitario,Agricultura,28581.02134184715
40,Universitario,Industria,34177.73577160372
47,Secundario,Agricultura,37388.26478754853
25,Universitario,Servicios,35099.50016511489
27,Primario,Servicios,33406.08796535802
39,Universitario,Industria,38049.25731830073
34,Secundario,Servicios,32794.03386420993
48,Universitario,Industria,46173.91473908217
35,,Tecnología,56395.17755824764
30,Secundario,Agricultura,29673.36195487232
59,Secundario,Servicios,40663.304804886015
42,Universitario,Servicios,37127.98222565424
45,Primario,Servicios,39829.121618460966
30,Primario,Servicios,37823.28928858707
39,,Tecnología,58418.02615929889
46,Primario,Industria,48556.22674950208
33,Universitario,Industria,40535.30651171744
48,Secundario,Servicios,44841.836580814015
38,Universitario,Industria,43839.05118383799
42,Secundario,Tecnología,53355.64835930572
38,Primario,Industria,47813.47988050076
63,Universitario,Agricultura,42991.61309015611
44,Secundario,Industria,42827.82391548607
34,Secundario,Agricultura,26682.028130403025
53,Secundario,Servicios,42386.30218056305
32,Universitario,Agricultura,29652.739181070338
47,Secundario,Industria,46589.16906252482
25,Universitario,Industria,38245.23469377154
31,Universitario,Agricultura,34199.829498305524
46,Secundario,Servicios,42686.172608939545
52,Primario,Servicios,41562.5423650601
46,Secundario,Servicios,42165.242323069935
43,Primario,Agricultura,28069.904385889844
41,Primario,Servicios,37991.70819978724
30,Secundario,Industria,46237.22539893244
37,Secundario,Agricultura,28927.816418430506
40,Universitario,Agricultura,27609.46428552366
55,Universitario,Servicios,39391.64444562776
48,Universitario,Tecnología,54841.46785063045
27,Secundario,Industria,34660.95236748918
48,Secundario,Industria,44717.96760563988
41,Secundario,Servicios,30777.73192328543
38,Universitario,Servicios,35262.473335798415
51,Primario,Agricultura,
55,Universitario,Industria,45368.97527941232
54,Secundario,Tecnología,
36,Secundario,Industria,43443.16835411038
41,Universitario,Industria,47522.32234249623
48,Secundario,Industria,43568.66178459145
54,Universitario,Agricultura,40018.10090826646
40,Universitario,Tecnología,51632.264398418745
43,Secundario,Agricultura,35760.990003346036
33,Secundario,Servicios,33887.35735917412
33,Secundario,Agricultura,30413.004879939133
53,Universitario,Agricultura,
58,Secundario,Servicios,39619.72063089358
44,Secundario,Servicios,39988.91287301354
55,Secundario,Servicios,38206.6079831032
48,Universitario,Servicios,41052.82516839649
38,Primario,Agricultura,24731.448774159016
48,Universitario,Agricultura,37592.696850666674
60,Universitario,Servicios,39069.906740925966
44,Primario,Servicios,39809.19975071809
60,Secundario,Industria,
18,Universitario,Industria,31412.912726281702
53,Primario,Industria,50528.10626833891
45,Universitario,Industria,46041.769053334225
42,Secundario,Servicios,34644.63257522904
45,Secundario,Industria,40965.78126369517
25,Universitario,Servicios,22149.497233309685
42,Secundario,Servicios,38198.600189198776
48,Secundario,Industria,39940.78891455178
59,Secundario,Servicios,43981.37679776523
39,Secundario,Industria,41546.207135671
36,Primario,Industria,44116.57110175278
39,Secundario,Industria,41391.81800204054
54,,Tecnología,60282.208854611636
48,Secundario,Servicios,42127.482817153184
39,Secundario,Servicios,36940.23211633647
50,Secundario,Servicios,41264.62382873111
45,Universitario,Servicios,39877.0703592341
54,Primario,Industria,
37,Universitario,Industria,44827.154719947925
41,Secundario,Industria,45849.87517605441
41,Secundario,Servicios,32333.26748569401
30,Primario,Servicios,31023.678105303195
47,Primario,Servicios,38642.770849489476
47,Secundario,Agricultura,
45,Secundario,Industria,46335.43986627414
42,Universitario,Servicios,42525.46712732474
30,Secundario,Servicios,36327.06691069131
40,Secundario,Agricultura,25751.123226274376
41,Secundario,Industria,45888.279961224194
36,Universitario,Industria,46715.73327814164
43,Primario,Servicios,38747.23408275681
49,Primario,Agricultura,38963.92170074387
63,Primario,Servicios,53249.08178280306
46,Universitario,Servicios,42494.83818442793
47,Secundario,Industria,
44,Secundario,Industria,48780.35389633902
25,Universitario,Servicios,30579.551332387564
44,Universitario,Servicios,37695.61217313982
45,,Tecnología,56594.34305714507
69,Universitario,Servicios,53853.65343532843
43,Secundario,Industria,40926.285336231995
48,Primario,Agricultura,
44,Secundario,Servicios,39599.45649496149
33,Primario,Agricultura,22602.775300792233
56,Secundario,Servicios,
52,Universitario,Tecnología,52399.8939693935
52,Primario,Servicios,43302.032067324144
35,Primario,Agricultura,32540.925931955964
59,Secundario,Agricultura,
30,Universitario,Servicios,32494.19078382233
50,Secundario,Servicios,47816.629735001145
66,Secundario,Agricultura,
35,Primario,Industria,36764.369651773595
39,Primario,Servicios,41526.65360985039
45,Universitario,Servicios,45850.348762123176
39,Universitario,Tecnología,
29,Primario,Agricultura,30645.852141633426
45,,Tecnología,63365.90366212353
34,Secundario,Servicios,30630.063069846463
49,Universitario,Industria,44658.77665852853
35,Secundario,Industria,45923.49805261894
60,,Industria,57740.05711483404
37,,Tecnología,57051.52344069742
41,Secundario,Servicios,32880.742585991786
53,Primario,Tecnología,69148.24444679776
32,Primario,Servicios,30676.116408752143
47,Secundario,Servicios,
58,Universitario,Servicios,44569.351337958484
28,Secundario,Servicios,37416.641682859095
46,Secundario,Servicios,
47,Universitario,Servicios,40459.46200144764
52,Primario,Servicios,42653.15412047243
32,Secundario,Industria,39974.05867457386
31,Secundario,Industria,41632.55805807403
50,Universitario,Servicios,29881.75968922279
47,Primario,Servicios,37613.570163720804
47,Secundario,Servicios,39765.287739667125
48,Universitario,Servicios,34595.94366552197
38,Universitario,Agricultura,31745.29327124624
47,Secundario,Servicios,37982.11511605552
47,Secundario,Servicios,45821.90279326196
37,,Tecnología,61092.07890085943
63,Universitario,Servicios,43336.777723527346
49,Secundario,Servicios,38996.64915373322
33,Primario,Servicios,32904.20973756643
51,Universitario,Agricultura,33593.36209536151
35,Secundario,Servicios,34780.09993611251
52,Secundario,Industria,44766.87172444964
56,Secundario,Servicios,
36,Secundario,Servicios,36890.844895601076
54,Secundario,Tecnología,
49,Secundario,Industria,43382.73696136003
53,Primario,Industria,
63,Secundario,Servicios,
42,Universitario,Industria,44812.66095215193
37,Primario,Servicios,38081.37605044982
36,Universitario,Servicios,34265.54974118515
36,Secundario,Agricultura,31218.96364856454
44,Universitario,Servicios,35534.28142444971
48,Universitario,Servicios,
47,Secundario,Servicios,37976.56227647864
53,,Tecnología,58213.68661383905
45,,Tecnología,57292.90334753687
59,Secundario,Industria,
42,Secundario,Servicios,34835.38501143158
72,Secundario,Industria,
51,Universitario,Agricultura,34375.28099001848
36,Universitario,Industria,40434.01021651689
34,Universitario,Agricultura,28352.943200559483
49,Secundario,Industria,
42,Universitario,Servicios,
52,Primario,Industria,45200.93909260693
49,Secundario,Tecnología,54787.19657844342
44,Primario,Agricultura,
36,Secundario,Servicios,32451.18831522029
29,Secundario,Tecnología,50192.31472873397
40,Secundario,Servicios,32920.015735210174
53,Secundario,Industria,43015.533343000425
47,Secundario,Servicios,36975.51669010325
32,Secundario,Servicios,33525.70648045588
46,Secundario,Servicios,40780.11786334226
48,Secundario,Servicios,36970.307787566715
36,Secundario,Industria,39748.008711426264
46,Primario,Servicios,34693.20676461076
45,Secundario,Servicios,
33,Secundario,Servicios,29806.28546323674
48,Secundario,Servicios,41492.5112529648
50,Secundario,Industria,39856.53403226355
55,,Tecnología,60561.48131019015
55,Universitario,Servicios,43204.42935676697
31,Secundario,Industria,40135.338065290016
35,Secundario,Industria,51772.13465592198
50,Primario,Servicios,41399.20009827163
50,,Tecnología,55983.78161263196
50,Secundario,Servicios,39618.14301164371
83,Secundario,Agricultura,
50,Secundario,Industria,46677.60100281295
56,Secundario,Servicios,
54,Secundario,Industria,
51,Universitario,Industria,45201.83890161786
41,Universitario,Agricultura,30932.936336819013
52,Universitario,Industria,45257.76863438239
37,Universitario,Servicios,41755.405407413324
42,Primario,Servicios,35515.02893552835
40,Primario,Industria,
45,Primario,Tecnología,61256.607048473066
68,Secundario,Agricultura,
26,Universitario,Servicios,31874.93258927008
51,Secundario,Industria,
28,Universitario,Industria,30489.30968261756
40,Primario,Industria,41884.466423396974
55,Universitario,Agricultura,
45,Secundario,Servicios,37804.411266103576
34,Primario,Servicios,27979.2406127857
37,Secundario,Industria,41590.38219769012
51,Secundario,Servicios,47216.422065021965
37,Secundario,Servicios,39787.566862138876
47,Secundario,Tecnología,58551.98396253587
45,Universitario,Agricultura,
38,Secundario,Tecnología,53733.97191852779
66,Secundario,Industria,
51,Secundario,Industria,43702.136047481785
24,Universitario,Servicios,35851.55507403279
46,Secundario,Agricultura,32304.027672682783
38,Secundario,Industria,41226.46408249993
53,Primario,Industria,47000.64721490048
37,Primario,Industria,49416.54635829203
43,Secundario,Agricultura,38703.835661448255
50,Primario,Industria,
53,Secundario,Industria,
32,Universitario,Industria,40982.49795498838
41,Primario,Industria,37333.42980231684
40,Secundario,Industria,48907.7377044731
38,Secundario,Industria,37528.88179492826
62,Universitario,Agricultura,
49,Secundario,Servicios,35210.78988946862
32,Universitario,Agricultura,25444.532693045214
54,Secundario,Servicios,38250.950275801195
66,Primario,Servicios,
55,Secundario,Agricultura,34843.50918740409
29,Universitario,Servicios,29406.924820299693
40,Secundario,Agricultura,34333.33564712123
57,Universitario,Industria,45380.54882774992
37,Universitario,Tecnología,55682.165708055465
49,Secundario,Agricultura,39471.836609222235
52,,Tecnología,58747.214541946414
35,Secundario,Servicios,31128.324437009593
44,Secundario,Servicios,36677.901499278996
12,Universitario,Agricultura,24518.90083344284
34,Universitario,Servicios,34376.43052381343
42,Secundario,Industria,41675.14282156961
32,Secundario,Industria,41735.50660475216
61,Universitario,Agricultura,34990.83140065431
30,Secundario,Agricultura,29725.43804177179
40,Universitario,Servicios,37634.42923080707
46,Secundario,Servicios,37168.766115444465
59,Secundario,Servicios,
30,Primario,Servicios,28453.27631086617
56,Secundario,Industria,51539.26934538364
45,Secundario,Tecnología,62915.922009956244
35,Secundario,Servicios,31450.769011884822
49,Primario,Tecnología,
46,Universitario,Servicios,30051.891925591724
38,Universitario,Servicios,32861.529077371204
45,Secundario,Servicios,37875.764268516396
41,Primario,Industria,39761.266332072664
46,Primario,Tecnología,
51,Secundario,Industria,
60,Secundario,Servicios,45168.770913305496
32,Secundario,Industria,39050.6839263745
66,Secundario,Agricultura,
25,Secundario,Industria,28517.199389459733
43,Secundario,Servicios,34772.5392885713
50,Secundario,Servicios,41830.74634421421
47,Universitario,Servicios,27809.98062909906
38,Primario,Industria,40201.07929539348
42,Secundario,Agricultura,29695.008573930314
40,Secundario,Industria,48553.35111283379
39,Secundario,Servicios,34059.91275314854
53,Universitario,Industria,49731.955938963714
48,Secundario,Industria,46765.028560349856
38,Universitario,Industria,33677.734080771195
53,Primario,Servicios,44272.82886652695
48,Primario,Servicios,
53,Universitario,Agricultura,
51,Secundario,Industria,63104.950825745305
36,Secundario,Servicios,26063.548242005647
39,Primario,Servicios,42498.78659904443
52,Primario,Servicios,39650.20992239858
51,Universitario,Agricultura,36549.31561761204
44,Primario,Industria,
46,Secundario,Agricultura,31703.054666407825
57,Secundario,Industria,
39,Secundario,Servicios,36918.03494229203
50,Primario,Agricultura,28931.305213313284
42,Secundario,Servicios,39802.316670087064
42,Primario,Agricultura,30135.222380458985
55,Universitario,Servicios,37479.72264383857
53,Secundario,Industria,46399.94856801674
53,Secundario,Agricultura,
58,Universitario,Industria,
45,Secundario,Agricultura,34433.81447283848
51,Secundario,Servicios,37476.17489713811
41,Secundario,Industria,46431.68739969448
48,Secundario,Servicios,41942.030955160815
43,Secundario,Agricultura,39594.43533318565
45,Universitario,Servicios,37297.744218003136
50,Secundario,Servicios,42674.61921903163
36,Secundario,Industria,41792.27015815578
65,Universitario,Servicios,
34,Secundario,Industria,37724.67044956508
32,Primario,Industria,42780.021251509126
56,Secundario,Servicios,
52,Universitario,Tecnología,60543.24729156601
51,Primario,Servicios,40767.00993779349
51,,Tecnología,61408.96158570671
44,Secundario,Agricultura,
36,Secundario,Industria,42258.852732682106
45,Primario,Servicios,44312.472230248735
38,Secundario,Servicios,39141.79874246087
54,Universitario,Industria,52076.618369987584
43,Secundario,Industria,42377.841895904516
36,Secundario,Agricultura,25843.036687086704
41,Universitario,Servicios,40221.202232951015
49,Universitario,Industria,
39,Secundario,Industria,48490.68270300393
36,Secundario,Tecnología,51984.07749612308
47,Primario,Industria,44881.80537855861
47,Universitario,Tecnología,
39,Universitario,Industria,41030.11557575651
40,Secundario,Servicios,39986.28204231779
47,Universitario,Agricultura,31934.01848308721
30,Secundario,Industria,41561.91918080329
30,Secundario,Industria,38237.98757600875
37,Primario,Agricultura,31096.22811288624
42,Universitario,Servicios,32209.23444073733
48,Primario,Tecnología,59540.837798535606
59,Universitario,Servicios,31635.45611639711
53,Universitario,Servicios,40452.41536735206
43,Universitario,Servicios,30678.10702513944
44,Primario,Servicios,42423.978066187265
34,Secundario,Servicios,36709.62941105804
44,Secundario,Servicios,39466.683927864324
42,Secundario,Agricultura,37884.02490863752
48,Primario,Industria,42404.33391670065
36,Universitario,Servicios,41389.45279166223
50,Secundario,Industria,50728.76625704154
60,Secundario,Industria,
43,Secundario,Servicios,41742.48058873178
49,Secundario,Industria,42174.825950353465
51,Secundario,Servicios,37101.943353889306
40,Secundario,Industria,40565.6411070412
47,Universitario,Servicios,
45,Secundario,Industria,40773.769428958985
45,Universitario,Industria,49892.3322683813
37,Universitario,Servicios,33764.58239852067
45,Secundario,Agricultura,34410.01987342752
49,Universitario,Industria,44318.59453434528
59,Primario,Industria,
54,Universitario,Servicios,
66,Secundario,Industria,45750.98009832089
37,Universitario,Servicios,34525.46381565813
53,Universitario,Industria,42726.73984466876
46,Universitario,Servicios,46349.10399692323
66,,Industria,57045.450888698884
36,Secundario,Servicios,34823.01516508592
36,Primario,Servicios,39454.826710618676
39,Secundario,Agricultura,27214.736090137056
23,Primario,Agricultura,26373.917514680372
39,Secundario,Servicios,36399.24173487486
37,Secundario,Servicios,35856.08032533468
46,Universitario,Industria,50489.414000427074
48,Secundario,Agricultura,37129.96841111921
63,Universitario,Servicios,46354.89465130009
54,Primario,Servicios,34980.45025508681
39,Universitario,Agricultura,26759.814818882143
36,Universitario,Agricultura,28909.164265617103
49,Secundario,Servicios,39973.4894971066
31,Secundario,Servicios,27879.185101304305
63,Universitario,Servicios,
56,Primario,Servicios,48465.57622101429
40,Secundario,Servicios,38408.47328156993
27,Secundario,Agricultura,26088.14744513498
58,Primario,Servicios,42351.16412039539
43,Secundario,Tecnología,53392.326159911056
57,Primario,Servicios,43109.92207407545
29,Primario,Industria,39631.010160571
39,Primario,Servicios,30632.957698073504
45,Universitario,Industria,46336.705668979586
45,Secundario,Industria,44378.96380470101
40,Universitario,Servicios,28368.769768490434
51,,Tecnología,56958.45995688199
34,Secundario,Agricultura,26945.577866313422
43,Secundario,Agricultura,39750.75062936076
46,Secundario,Industria,47626.212498135035
50,Primario,Industria,41658.073723600435
52,Secundario,Agricultura,37744.14515767055
33,Secundario,Servicios,27010.78404424654
29,Secundario,Agricultura,30930.764215548294
57,Secundario,Servicios,40915.50139272849
48,Primario,Industria,45825.45524504332
37,Primario,Servicios,40103.18659016876
60,Universitario,Servicios,
46,Secundario,Servicios,32811.527259548035
56,Primario,Agricultura,
45,Universitario,Servicios,42153.51540407727
65,Primario,Industria,
62,Secundario,Tecnología,
42,Universitario,Industria,41995.364566364005
54,Secundario,Agricultura,
51,Primario,Industria,52201.04699895532
58,Primario,Industria,48347.354551658405
35,Secundario,Industria,39354.29357153599
51,Primario,Servicios,
55,Secundario,Servicios,34521.03320121832
27,Primario,Servicios,29245.916899267962
33,Secundario,Agricultura,28961.69555970023
24,Universitario,Servicios,31396.874885140136
42,Universitario,Servicios,34760.77322723647
52,Secundario,Servicios,40937.764046823366
60,Secundario,Industria,
45,Secundario,Servicios,35367.006350664604
61,Secundario,Agricultura,
31,Secundario,Tecnología,48470.823862981284
27,Primario,Tecnología,51035.93688635839
44,Universitario,Industria,46387.49000321079
48,Secundario,Tecnología,57829.80319656894
44,Primario,Servicios,38281.85508398628
24,Secundario,Tecnología,45749.06973886155
44,Secundario,Agricultura,31773.554881215812
31,Universitario,Servicios,34840.86467835689
51,Universitario,Servicios,41027.89184387374
48,Universitario,Servicios,36853.87492174426
35,Primario,Agricultura,29896.865617163174
39,Secundario,Industria,45458.43916254647
34,Secundario,Industria,32400.234885690086
44,Primario,Servicios,42236.29625982359
54,Secundario,Agricultura,35254.981045275716
35,Universitario,Industria,42701.959732960924
50,Primario,Industria,51788.98769458091
39,Secundario,Servicios,30113.305211078135
37,Secundario,Industria,38962.23599028982
43,Primario,Servicios,36045.80521649718
34,Secundario,Servicios,30464.985915502286
39,Universitario,Tecnología,
33,Universitario,Servicios,29772.911624692828
64,Universitario,Servicios,43377.81288205253
45,Secundario,Industria,45817.55612641191
38,Primario,Industria,37391.40189569564
47,Secundario,Agricultura,32217.277152974944
43,Secundario,Agricultura,33469.8130450007
42,Universitario,Agricultura,30468.558382469953
51,Primario,Industria,47026.452564400206
52,Secundario,Servicios,38682.67155020652
39,Primario,Agricultura,24542.118763276932
39,Secundario,Tecnología,56886.37284535696
42,Universitario,Servicios,43819.732286588966
21,Secundario,Servicios,28473.606523133752
29,Secundario,Servicios,32501.0564689902
58,Secundario,Industria,52970.89102046744
61,Secundario,Agricultura,34322.6780138132
42,Universitario,Servicios,43610.05863251842
50,Universitario,Industria,
48,Universitario,Servicios,45727.427596356436
75,Universitario,Servicios,47067.868017904046
56,Secundario,Servicios,49672.2476902313
43,Secundario,Agricultura,35300.62197613913
35,Secundario,Servicios,36212.160343409436
28,Secundario,Servicios,32136.097817412592
47,Universitario,Servicios,37805.8855277022
37,Primario,Agricultura,34602.12663389549
30,Universitario,Industria,39561.43947939219
38,Secundario,Tecnología,47331.72118565139
34,Secundario,Industria,36131.25415317199
61,Secundario,Industria,50656.61699122901
53,Universitario,Servicios,42439.99593266222
44,,Tecnología,57373.64604440042
59,Secundario,Servicios,48475.88315917466
45,Primario,Tecnología,50195.5925438455
36,Secundario,Tecnología,54974.35174602064
60,Primario,Industria,
50,Universitario,Tecnología,
34,Secundario,Servicios,33222.16514223199
43,Secundario,Servicios,38878.43988809647
36,Primario,Servicios,30944.468157640935
31,Primario,Servicios,37517.859726631
54,Universitario,Agricultura,40766.898656235404
64,Primario,Industria,
31,Primario,Tecnología,51881.931012546236
50,Primario,Servicios,42319.42914118053
38,Universitario,Industria,39372.42972805061
40,,Tecnología,59422.22263608285
39,Secundario,Tecnología,62197.92357729568
36,,Tecnología,58682.442239916745
45,Secundario,Servicios,35081.590120770365
36,Universitario,Tecnología,55845.66926909241
47,Secundario,Industria,40627.43382496541
44,Primario,Servicios,
42,Primario,Servicios,38602.41365145016
35,Primario,Industria,33520.73464187134
39,Secundario,Servicios,30952.864624350543
52,Universitario,Industria,
50,Secundario,Industria,45796.561011436694
35,Primario,Servicios,29162.092258324778
45,Primario,Servicios,39555.914917408736
52,Universitario,Industria,
28,Secundario,Servicios,30422.923472085924
50,Universitario,Agricultura,31976.833999366547
38,Secundario,Agricultura,34394.82850566626
50,Secundario,Servicios,
37,Secundario,Tecnología,52865.75406461385
26,Primario,Servicios,27951.332331380716
28,Secundario,Industria,40164.83066164798
45,Universitario,Servicios,36567.88248101206
47,Secundario,Servicios,38242.411197347064
35,Secundario,Industria,43958.612606898685
51,Primario,Industria,39762.57564997083
28,Universitario,Agricultura,31473.20929941068
44,Universitario,Servicios,
32,Secundario,Agricultura,26154.027421751278
38,Universitario,Servicios,34843.063383114204
45,Secundario,Industria,
36,Secundario,Agricultura,22475.194786220298
41,Universitario,Servicios,42379.752909812945
55,Universitario,Servicios,42165.30252908247
39,,Tecnología,57372.0085217895
53,Primario,Tecnología,65006.199082296174
33,Secundario,Agricultura,24115.3501697588
50,Universitario,Industria,48893.887596140914
59,Secundario,Servicios,42529.43563640483
20,Secundario,Servicios,31387.083100865973
37,Secundario,Industria,33291.09031859402
50,Secundario,Tecnología,59603.62279903492
42,Secundario,Tecnología,54388.71737686415
48,Universitario,Servicios,40929.05180253662
38,Secundario,Servicios,37080.17674947281
45,Primario,Industria,42169.4964207119
43,Primario,Servicios,34351.304543295824
56,Universitario,Servicios,41957.33852577068
47,Secundario,Servicios,35213.43109073917
48,Secundario,Industria,49567.93478180851
40,Universitario,Servicios,34523.17119821021
40,Universitario,Servicios,24372.047122713433
40,Universitario,Tecnología,54500.711773512776
48,Universitario,Agricultura,30045.824716624113
40,Secundario,Servicios,29474.896738156218
47,Universitario,Servicios,33850.29344710971
65,Secundario,Agricultura,
53,Universitario,Agricultura,
41,Universitario,Servicios,37652.73789545992
57,Universitario,Industria,
40,Secundario,Servicios,37823.61678068281
24,Primario,Tecnología,47763.638759124035
34,Secundario,Servicios,30821.59852334742
26,Universitario,Servicios,25782.549327068064
41,Universitario,Servicios,29392.684772993125
45,Primario,Servicios,36440.305173762215
61,Primario,Industria,52032.21395968053
48,Primario,Servicios,38813.50531994044
42,Universitario,Servicios,35136.13228821057
53,Universitario,Industria,
22,Secundario,Tecnología,51232.98476673987
47,Secundario,Industria,40531.47232021366
52,Universitario,Servicios,43904.111655373905
30,Universitario,Industria,34991.1319242931
56,Secundario,Servicios,
48,Secundario,Servicios,33332.85923753729
40,Secundario,Servicios,33994.39141245745
51,Secundario,Servicios,44301.24983391192
67,Secundario,Servicios,
46,Secundario,Servicios,42313.68844811214
47,Universitario,Industria,47888.57018373574
40,Secundario,Servicios,31585.320685878523
36,Universitario,Agricultura,28076.84310268977
53,Primario,Agricultura,33079.203483530146
36,Secundario,Tecnología,59722.29961615616
45,Primario,Servicios,33212.84541429475
40,Secundario,Servicios,39574.790757556446
49,Universitario,Industria,50171.81548043508
48,Universitario,Industria,53518.48080686435
55,Primario,Servicios,40361.25362948201
39,Secundario,Industria,45449.28863832065
42,Universitario,Industria,52926.607346155375
35,Secundario,Industria,38529.43329226521
40,Secundario,Servicios,29859.83900987056
48,Universitario,Industria,38679.959864368946
52,Secundario,Servicios,43650.848115445326
35,Primario,Servicios,26467.399167765667
53,Secundario,Servicios,39710.72378824831
58,Universitario,Agricultura,
49,Secundario,Agricultura,35340.70214731966
63,Primario,Industria,53901.77945673669
37,Universitario,Agricultura,30689.159423203415
32,Primario,Servicios,37915.463253253576
27,Universitario,Servicios,26990.73447704481
59,Secundario,Agricultura,
51,Universitario,Tecnología,
44,Secundario,Servicios,40920.76724745044
47,Secundario,Servicios,42401.59435358025
33,Primario,Servicios,35004.90127727403
69,Secundario,Servicios,
46,Universitario,Agricultura,
46,Universitario,Industria,52068.89644620455
52,,Tecnología,66892.95448684903
49,Secundario,Servicios,42542.48798898299
47,Universitario,Industria,
37,Universitario,Industria,35173.5071692889
49,Secundario,Industria,44502.20745494939
63,Secundario,Servicios,
58,Secundario,Servicios,46085.91729502937
60,Secundario,Servicios,
39,Primario,Industria,45629.98059734994
35,Secundario,Industria,46482.14457598685
43,Secundario,Servicios,39980.811600336
45,Universitario,Servicios,39135.00409464601
55,Primario,Tecnología,
28,Secundario,Industria,34812.59613549854
60,Secundario,Tecnología,
43,Secundario,Industria,47317.39601562133
40,Primario,Servicios,35843.921922489826
34,Secundario,Servicios,31928.361816936438
28,Secundario,Industria,30096.768507554494
53,Secundario,Agricultura,
45,Secundario,Servicios,45645.676348558896
32,Secundario,Industria,34678.17771599013
32,Universitario,Servicios,33557.91928488432
41,Secundario,Industria,47429.775892780795
61,Universitario,Servicios,
42,,Tecnología,57538.84189912433
29,Primario,Agricultura,30351.66215004262
42,Primario,Servicios,36849.997287629005
42,,Industria,55273.61222266707
18,Universitario,Servicios,20525.602964487218
44,Universitario,Industria,48834.91411953552
42,Universitario,Industria,43108.79305041414
51,Secundario,Agricultura,38487.6806193467
63,Secundario,Servicios,46965.22860679698
56,Primario,Servicios,
42,Secundario,Servicios,37715.98556983736
33,Secundario,Tecnología,45768.39419440685
70,Primario,Industria,
45,Secundario,Industria,46192.6338639621
45,Secundario,Industria,47554.64067457241
44,Universitario,Servicios,41832.4733003486
46,Universitario,Tecnología,59870.47936083884
43,Universitario,Industria,44792.357679193105
39,Secundario,Industria,39075.72665335483
39,Secundario,Industria,39751.116945403795
44,Secundario,Servicios,42346.93848070932
39,Universitario,Industria,48345.341622823915
37,Primario,Servicios,33847.558254751784
46,Secundario,Servicios,38584.0109890131
42,Universitario,Servicios,33181.54250002494
60,Secundario,Tecnología,
18,Secundario,Industria,36861.66729476712
55,,Industria,56764.869745854994
57,Primario,Industria,
24,Secundario,Servicios,28087.96840392713
41,,Tecnología,57325.78369010229
41,Primario,Servicios,38985.95815090308
30,Primario,Servicios,31137.32944980947
37,Universitario,Servicios,31308.1556381852
33,Secundario,Industria,43725.630115694286
62,Secundario,Industria,
54,Secundario,Servicios,37934.9035977451
57,Universitario,Agricultura,43221.77120442198
52,Secundario,Industria,
33,Secundario,Agricultura,28737.185988991172
39,Universitario,Industria,42918.391449504146
49,Universitario,Tecnología,61816.23108446363
32,Primario,Servicios,29353.18771897497
52,Universitario,Servicios,40920.12591665633
42,Secundario,Industria,35190.46582156328
41,Secundario,Industria,46905.822582011744
52,Primario,Servicios,34554.027110232564
49,,Tecnología,65613.679313716
41,Universitario,Agricultura,30079.5196241342
56,Secundario,Servicios,41553.33207227529
34,Secundario,Industria,38089.064375661976
51,Universitario,Industria,46247.844504311695
50,Universitario,Servicios,45674.125380592144
41,Primario,Industria,33448.765373859685
48,Secundario,Servicios,44307.86154435275
32,Primario,Servicios,34152.093924406836
54,Universitario,Agricultura,
43,Secundario,Industria,39898.75042780305
39,Universitario,Servicios,42305.572108832814
55,Primario,Servicios,38217.97248022907
37,Primario,Servicios,30186.597957616163
30,Secundario,Industria,43549.25816945892
29,Secundario,Industria,39954.211505143656
51,Secundario,Industria,
32,Universitario,Servicios,33666.499901618474
62,Secundario,Industria,47696.98926543889
24,Secundario,Servicios,34003.28559369042
61,Universitario,Industria,55645.48385949253
47,Secundario,Tecnología,60928.02479528777
44,Universitario,Agricultura,34046.64424498806
39,Primario,Industria,49644.7524994695
48,Secundario,Agricultura,
44,Primario,Servicios,32872.50349831679
56,Primario,Servicios,44197.89565132923
46,Universitario,Servicios,46744.188198148455
46,Primario,Servicios,34340.962027256595
41,Secundario,Industria,41954.14893322406
44,Secundario,Servicios,39265.78415240581
48,Secundario,Industria,45984.38060397704
27,Universitario,Servicios,26870.78567849074
31,Primario,Agricultura,31887.431424921884
52,,Industria,57080.16288806904
46,Universitario,Servicios,39184.52583609563
43,Secundario,Servicios,33583.726841056
45,Universitario,Industria,38804.1578997861
48,Primario,Servicios,40231.903924884726
39,Secundario,Agricultura,35015.50937326503
37,Secundario,Servicios,36700.670985981524
46,Universitario,Tecnología,
35,Universitario,Industria,38642.91339284278
49,Secundario,Industria,42231.34546912764
27,Secundario,Industria,41139.00530529953
55,Primario,Servicios,
49,Secundario,Servicios,
47,Secundario,Industria,52159.355912722735
54,Universitario,Agricultura,
61,Secundario,Servicios,49998.37858058317
55,Secundario,Servicios,36631.48900605954
26,Primario,Servicios,24936.703378338243
32,Primario,Tecnología,52204.12276093081
38,Secundario,Agricultura,32211.137707580776
45,Secundario,Servicios,
50,Universitario,Servicios,42824.31565526053
37,Secundario,Tecnología,53829.27489275187
46,Secundario,Agricultura,29294.523169336433
37,Primario,Servicios,39720.0022908766
38,Universitario,Industria,38341.17829699714
30,Universitario,Industria,45513.87421908929
35,Primario,Servicios,32862.461401573964
31,Universitario,Servicios,38762.3282904714
35,Secundario,Servicios,36715.72516023711
55,Primario,Servicios,41452.018042230164
35,Secundario,Servicios,31922.414512695494
71,Secundario,Servicios,47036.36849061568
49,Primario,Servicios,41313.26676950095
46,Universitario,Servicios,38708.625984870865
36,Universitario,Industria,39024.75436772518
52,,Tecnología,60137.47435872947
39,Secundario,Industria,42914.3081188766
46,Secundario,Agricultura,24885.06362234075
70,Secundario,Agricultura,
44,Secundario,Tecnología,53681.115101132775
56,Primario,Servicios,37786.67038717702
37,Secundario,Agricultura,23050.62261155716
44,Universitario,Servicios,
62,Secundario,Industria,46378.20998755084
38,Primario,Industria,39363.91616947804
63,Universitario,Servicios,
52,Secundario,Agricultura,33696.48129641918
39,Secundario,Tecnología,56311.000425072125
51,Primario,Servicios,
54,Secundario,Industria,
51,Universitario,Industria,
29,Secundario,Industria,33818.824945603024
37,Secundario,Servicios,40603.71019311684
42,Universitario,Servicios,44028.786574551545
44,Universitario,Servicios,30869.365223509256
51,Universitario,Industria,43303.885636454484
46,Secundario,Tecnología,57280.758630491975
31,Secundario,Agricultura,
48,Universitario,Servicios,41223.862213823464
51,,Tecnología,57486.91119037355
50,Primario,Industria,
55,Primario,Industria,
53,Secundario,Servicios,42050.29612252886
49,Universitario,Servicios,43707.94505327893
44,Secundario,Industria,
28,Secundario,Industria,35944.210047767025
49,Primario,Servicios,36335.13102183214
47,Secundario,Agricultura,34112.57225187859
47,Universitario,Servicios,42246.544497991774
32,Secundario,Servicios,33356.24159461367
34,Universitario,Servicios,27292.01407123601
55,,Tecnología,58788.70222419663
44,Secundario,Servicios,37304.10854562249
51,Secundario,Industria,47097.33758269668
45,Secundario,Servicios,45890.16870715923
45,Universitario,Industria,39456.048230404005
54,,Tecnología,63622.3569673435
39,Secundario,Agricultura,36556.452433313156
45,Universitario,Agricultura,42085.79898169119
40,Secundario,Servicios,34382.41030726415
40,Universitario,Agricultura,32965.7178108808
41,Secundario,Industria,45679.04142879459
47,Primario,Tecnología,59581.926926213164
40,Secundario,Servicios,35604.619195042775
57,Universitario,Servicios,44543.90155800019
36,Secundario,Servicios,24271.015659121258
43,Universitario,Industria,46928.277960250525
40,Universitario,Agricultura,31504.71161464787
59,Secundario,Servicios,
46,Universitario,Industria,53587.44878287823
55,Primario,Industria,46300.26392483779
30,Secundario,Servicios,30387.696043739877
47,Primario,Industria,53766.21320881894
53,Universitario,Agricultura,32871.754780600575
45,Secundario,Servicios,35799.53886825385
55,Primario,Industria,
39,Secundario,Industria,45962.9379285182
59,Secundario,Agricultura,
67,Primario,Servicios,
41,Universitario,Servicios,34271.32574749124
40,Universitario,Servicios,33570.582267151156
59,Secundario,Servicios,
60,Universitario,Agricultura,40703.374634519314
39,Secundario,Servicios,37272.823023551886
40,Universitario,Industria,35895.95298380639
42,Secundario,Industria,48055.763950243425
31,Secundario,Industria,40410.275383986496
35,Primario,Agricultura,34538.128190375624
34,Universitario,Tecnología,55376.79330916269
37,Secundario,Industria,46205.291830943046
44,Primario,Industria,46466.18124580051
47,Primario,Industria,51184.90302481099
60,,Tecnología,66089.00254407112
35,Secundario,Servicios,33608.33901422838
54,Universitario,Servicios,
42,Universitario,Industria,47356.148489119565
44,Primario,Industria,46894.97768401765
51,Universitario,Industria,42294.782333846655
33,Primario,Servicios,28046.769530145848
48,Universitario,Agricultura,35370.861928567414
46,Universitario,Servicios,38982.084791072964
49,,Tecnología,57143.509739966736
47,Universitario,Servicios,39363.93079844824
69,Secundario,Servicios,53954.50771217438
38,Secundario,Servicios,37981.6098982012
39,Universitario,Servicios,31035.965960989048
38,Secundario,Industria,41753.96469142823
39,Secundario,Industria,39380.134076589755
38,Secundario,Industria,40649.200334365756
56,Universitario,Servicios,
59,Secundario,Industria,48689.41766958398
39,Primario,Servicios,30579.45851210642
36,Universitario,Industria,40889.38127392724
49,Universitario,Servicios,37357.56945261076
39,Primario,Servicios,23882.20523999093
51,,Industria,55611.88809800665
47,,Tecnología,63155.07861686669
29,Secundario,Agricultura,25094.797100300017
60,Secundario,Industria,
62,Universitario,Servicios,
38,Secundario,Servicios,41982.89151124346
41,Secundario,Agricultura,38989.154779092445
47,Secundario,Servicios,39426.7749129861
48,Universitario,Servicios,43294.12257674138
51,Secundario,Agricultura,36101.147115735694
65,Universitario,Servicios,
43,Secundario,Tecnología,55552.70652414537
37,Primario,Agricultura,30327.71186708783
31,Secundario,Industria,37581.80912502622
37,Secundario,Servicios,33925.386890259855
44,Secundario,Industria,44234.401769963544
62,Primario,Servicios,
39,Primario,Servicios,35809.03396198993
47,Universitario,Servicios,34557.57973441359
44,Secundario,Agricultura,29731.935403488256
56,Universitario,Servicios,37261.66293720012
70,Secundario,Industria,
39,Secundario,Industria,34177.4122326387
40,Secundario,Industria,47614.361373267704
55,Secundario,Industria,
51,Secundario,Agricultura,
63,Secundario,Servicios,34787.4516486908
50,Primario,Servicios,
41,Secundario,Servicios,36143.26335484472
50,Secundario,Servicios,35957.607120284345
56,Universitario,Servicios,40339.126424767026
53,Universitario,Servicios,47320.78079545341
50,Universitario,Servicios,
55,Universitario,Industria,
56,Secundario,Industria,
58,Secundario,Servicios,
51,Universitario,Tecnología,59546.17288259825
43,,Tecnología,59184.796749453264
46,Secundario,Servicios,36258.73314972936
57,Primario,Servicios,
36,Secundario,Servicios,42140.61616024092
48,Secundario,Tecnología,62462.00408977705
41,Universitario,Industria,43207.64597067691
45,Secundario,Agricultura,32267.398115786822
57,Secundario,Servicios,
46,Universitario,Servicios,
45,Primario,Servicios,35490.74621619479
31,Secundario,Servicios,32580.89083599993
52,Primario,Industria,48004.79160752434
51,Universitario,Industria,45392.86322875387
66,Universitario,Industria,47910.137808463594
41,Secundario,Industria,44691.89801447067
47,Universitario,Industria,45555.984112578466
47,Secundario,Servicios,40800.96187774628
60,Universitario,Industria,
44,Universitario,Servicios,
47,Universitario,Industria,42292.90487515262
51,Primario,Servicios,
46,Universitario,Industria,38409.45396068695
40,Universitario,Servicios,37739.080258227565
46,Secundario,Agricultura,35301.72273010649
55,Universitario,Servicios,38817.77172823647
34,Secundario,Agricultura,30297.575751444052
46,Universitario,Industria,50518.074679040634
37,Primario,Industria,32932.724642583744
56,Universitario,Servicios,44410.97922996326
29,Secundario,Servicios,21626.91671867969
39,Primario,Agricultura,26737.340785907167
48,Secundario,Agricultura,40716.665459603784
60,Primario,Servicios,
44,Secundario,Industria,39904.48014236411
39,Secundario,Servicios,34808.24908406127
63,Secundario,Servicios,53471.625352654206
30,Secundario,Agricultura,19673.271011175893
23,Secundario,Servicios,24994.760353442623
49,Universitario,Servicios,45589.7267327185
39,Primario,Industria,50030.80937415093
34,Universitario,Servicios,33186.27510283887
52,Universitario,Agricultura,30843.789189893432
47,Secundario,Servicios,47183.374007236634
39,Secundario,Servicios,41977.76956699679
32,Universitario,Servicios,35515.78795104893
53,,Tecnología,57950.39060425032
51,Primario,Industria,47203.88263664785
44,Secundario,Servicios,
63,Universitario,Servicios,
34,Primario,Servicios,39404.00575252534
29,Secundario,Servicios,35117.668164549614
38,Universitario,Industria,37890.49569206097
44,Universitario,Industria,50105.98580007815
47,Secundario,Servicios,40052.52856005262
42,Primario,Servicios,39548.263183435665
48,Universitario,Servicios,45066.16343711441
32,Secundario,Industria,35353.6790019458
59,Primario,Industria,50456.69768517415
44,Primario,Servicios,35474.18179456314
56,Universitario,Agricultura,31128.562298538178
48,Secundario,Industria,
49,Universitario,Agricultura,44646.2262063377
50,Universitario,Servicios,32639.68902197699
49,Secundario,Agricultura,34470.877555802115
51,Secundario,Industria,
58,Secundario,Servicios,43692.31280662472
46,Secundario,Servicios,37947.48778993704
52,Secundario,Industria,42603.1345462167
44,Universitario,Servicios,38531.14697176065
59,Secundario,Servicios,40572.9440919363
38,Universitario,Servicios,26440.31318008579
63,Secundario,Agricultura,
44,Secundario,Industria,48433.54327936817
30,Secundario,Agricultura,27206.64390740432
46,Secundario,Servicios,39316.29875282281
38,Universitario,Servicios,39497.272050862244
53,Secundario,Industria,49097.35862711233
38,Secundario,Industria,45816.07021904526
40,Primario,Servicios,34810.0711965046
26,Secundario,Agricultura,30647.934954295786
40,Secundario,Industria,44283.14290373074
20,Secundario,Servicios,28776.207774423496
29,Universitario,Industria,33519.755645151876
52,Secundario,Industria,48947.82341720683
52,Universitario,Industria,44472.180330022195
49,Secundario,Servicios,37046.86909388602
35,Secundario,Servicios,30738.497486735516
44,Primario,Industria,40335.0602724031
44,Secundario,Servicios,46099.08561206784
33,Secundario,Servicios,38525.35624795361
60,Secundario,Industria,58681.470008577046
53,Primario,Industria,
42,Primario,Servicios,37085.01499964357
45,Secundario,Agricultura,
47,Universitario,Servicios,36017.220491211745
24,Secundario,Industria,32927.4920663337
42,Secundario,Tecnología,61758.33602576624
38,Primario,Servicios,33615.08128759296
34,Secundario,Agricultura,32873.517334776065
42,Secundario,Industria,46216.48355835407
62,Secundario,Servicios,54014.55500841916
51,Secundario,Servicios,34482.2231074411
39,Primario,Tecnología,60636.9329591472
22,Primario,Agricultura,850000.0
